{
	"credit": "Made with Blockbench",
	"texture_size": [32, 32],
	"textures": {
		"0": "guns/diamond_axe",
		"particle": "guns/diamond_axe"
	},
	"elements": [
		{
			"from": [7, 0, 7],
			"to": [9, 12, 9],
			"rotation": {"angle": 0, "axis": "y", "origin": [8, 6, 8]},
			"faces": {
				"north": {"uv": [8, 0, 9, 6], "texture": "#0"},
				"east": {"uv": [8, 0, 9, 6], "texture": "#0"},
				"south": {"uv": [8, 0, 9, 6], "texture": "#0"},
				"west": {"uv": [8, 0, 9, 6], "texture": "#0"},
				"up": {"uv": [9, 0, 10, 1], "texture": "#0"},
				"down": {"uv": [9, 0, 10, 1], "texture": "#0"}
			}
		},
		{
			"from": [5, 12, 3],
			"to": [11, 18, 13],
			"rotation": {"angle": 0, "axis": "y", "origin": [8, 15, 8]},
			"faces": {
				"north": {"uv": [5, 0, 8, 3], "texture": "#0"},
				"east": {"uv": [5, 0, 0, 3], "texture": "#0"},
				"south": {"uv": [5, 0, 8, 3], "texture": "#0"},
				"west": {"uv": [0, 0, 5, 3], "texture": "#0"},
				"up": {"uv": [0, 3, 3, 8], "texture": "#0"},
				"down": {"uv": [3, 3, 6, 8], "texture": "#0"}
			}
		}
	],
	"display": {
		"thirdperson": {
			"rotation": [-90, 0, 0],
			"translation": [-0.2, 0.5, -1.75],
			"scale": [0.8, 0.8, 0.8]
		},
		"firstperson": {
			"rotation": [1, 0, -14.5],
			"translation": [2, 1.5, -0.25],
			"scale": [1.5, 1.5, 1.5]
		},
		"ground": {
			"rotation": [0, 0, 32.5],
			"translation": [0, 2, -1],
			"scale": [2, 2, 2]
		},
		"gui": {
			"rotation": [30, 90, 45],
			"translation": [-1.5, -1.5, 0],
			"scale": [1, 1, 1]
		},
		"head": {
			"translation": [0, 13.25, 0]
		}
	}
}