{
	"credit": "Made with Blockbench",
	"texture_size": [32, 32],
	"textures": {
		"0": "guns/diamond_hoe",
		"particle": "guns/diamond_hoe"
	},
	"elements": [
		{
			"from": [7, 3, 8],
			"to": [9, 6, 15],
			"rotation": {"angle": 0, "axis": "y", "origin": [8.5, 3, 15]},
			"faces": {
				"north": {"uv": [3.5, 1, 4.5, 2.5], "texture": "#0"},
				"east": {"uv": [0, 1, 3.5, 2.5], "texture": "#0"},
				"south": {"uv": [4.5, 1, 5.5, 2.5], "texture": "#0"},
				"west": {"uv": [3.5, 1, 0, 2.5], "texture": "#0"},
				"up": {"uv": [0, 0, 3.5, 1], "rotation": 90, "texture": "#0"},
				"down": {"uv": [3.5, 0, 7, 1], "rotation": 90, "texture": "#0"}
			}
		},
		{
			"from": [7.1, 0, 11],
			"to": [8.9, 3.8, 15],
			"rotation": {"angle": -22.5, "axis": "x", "origin": [8.5, 3.8, 13]},
			"faces": {
				"north": {"uv": [3, 2.5, 4, 4.5], "texture": "#0"},
				"east": {"uv": [0, 2.5, 2, 4.5], "texture": "#0"},
				"south": {"uv": [2, 2.5, 3, 4.5], "texture": "#0"},
				"west": {"uv": [2, 2.5, 0, 4.5], "texture": "#0"},
				"up": {"uv": [3, 2.5, 4, 4.5], "texture": "#0"},
				"down": {"uv": [0, 4.5, 2, 5.5], "rotation": 90, "texture": "#0"}
			}
		},
		{
			"from": [6, 2, 2],
			"to": [10, 6, 8],
			"rotation": {"angle": 0, "axis": "y", "origin": [7, 4, 7]},
			"faces": {
				"north": {"uv": [9, 2, 11, 4], "texture": "#0"},
				"east": {"uv": [7, 0, 10, 2], "texture": "#0"},
				"south": {"uv": [7, 2, 9, 4], "texture": "#0"},
				"west": {"uv": [10, 0, 7, 2], "texture": "#0"},
				"up": {"uv": [10, 0, 13, 2], "rotation": 90, "texture": "#0"},
				"down": {"uv": [13, 0, 16, 2], "rotation": 90, "texture": "#0"}
			}
		},
		{
			"from": [6, 6, 10],
			"to": [10, 9, 16],
			"rotation": {"angle": 0, "axis": "y", "origin": [7, 8, 15]},
			"faces": {
				"north": {"uv": [8, 5.5, 10, 7], "texture": "#0"},
				"east": {"uv": [0, 5.5, 3, 7], "texture": "#0"},
				"south": {"uv": [6, 5.5, 8, 7], "texture": "#0"},
				"west": {"uv": [3, 5.5, 0, 7], "texture": "#0"},
				"up": {"uv": [3, 5.5, 6, 7], "rotation": 90, "texture": "#0"},
				"down": {"uv": [0, 7, 3, 8.5], "rotation": 90, "texture": "#0"}
			}
		}
	],
	"display": {
		"thirdperson": {
			"rotation": [90, 0, 180],
			"translation": [0, 3, -4.25],
			"scale": [0.8, 0.8, 0.8]
		},
		"firstperson": {
			"rotation": [0, -50, 0],
			"translation": [0, 6.25, -1.5],
			"scale": [1.6, 1.6, 1.6]
		},
		"ground": {
			"translation": [0, 2, -1],
			"scale": [2, 2, 2]
		},
		"gui": {
			"rotation": [0, -90, 0],
			"translation": [0, 2, 0],
			"scale": [1.4, 1.4, 1.4]
		},
		"head": {
			"translation": [0, 13.25, -4.75]
		},
		"fixed": {
			"rotation": [0, 90, 0],
			"translation": [-1.5, 4, 0]
		}
	}
}