{
	"credit": "Made with Blockbench",
	"texture_size": [32, 32],
	"textures": {
		"0": "guns/flint_and_steel",
		"particle": "guns/flint_and_steel"
	},
	"elements": [
		{
			"from": [7, 0, 13],
			"to": [9, 4, 16],
			"rotation": {"angle": -22.5, "axis": "x", "origin": [8, 4, 14.5]},
			"faces": {
				"north": {"uv": [2.5, 0, 3.5, 2], "texture": "#0"},
				"east": {"uv": [0, 0, 1.5, 2], "texture": "#0"},
				"south": {"uv": [1.5, 0, 2.5, 2], "texture": "#0"},
				"west": {"uv": [1.5, 0, 0, 2], "texture": "#0"},
				"up": {"uv": [3.5, 0, 4.5, 1.5], "texture": "#0"},
				"down": {"uv": [3.5, 0, 4.5, 1.5], "texture": "#0"}
			}
		},
		{
			"from": [6.5, 3, 1],
			"to": [9.5, 4, 16],
			"rotation": {"angle": 0, "axis": "y", "origin": [7, 3, 14]},
			"faces": {
				"north": {"uv": [12, 0, 13.5, 0.5], "texture": "#0"},
				"east": {"uv": [4.5, 0, 12, 0.5], "texture": "#0"},
				"south": {"uv": [12, 0, 13.5, 0.5], "texture": "#0"},
				"west": {"uv": [12, 0, 4.5, 0.5], "texture": "#0"},
				"up": {"uv": [0, 0, 1.5, 7.5], "texture": "#0"},
				"down": {"uv": [4.5, 0.5, 12, 2], "rotation": 90, "texture": "#0"}
			}
		},
		{
			"from": [6.5, 4, 14],
			"to": [9.5, 6, 16],
			"rotation": {"angle": 0, "axis": "y", "origin": [7, 4, 14]},
			"faces": {
				"north": {"uv": [1, 2, 2.5, 3], "texture": "#0"},
				"east": {"uv": [0, 2, 1, 3], "texture": "#0"},
				"south": {"uv": [1, 2, 2.5, 3], "texture": "#0"},
				"west": {"uv": [1, 2, 0, 3], "texture": "#0"},
				"up": {"uv": [2.5, 2, 4, 3], "rotation": 180, "texture": "#0"},
				"down": {"uv": [0, 0, 1.5, 7.5], "texture": "#0"}
			}
		},
		{
			"from": [5.5, 4, -1],
			"to": [10.5, 6, 14],
			"rotation": {"angle": 0, "axis": "y", "origin": [7, 4, 12]},
			"faces": {
				"north": {"uv": [7.5, 4, 10, 5], "texture": "#0"},
				"east": {"uv": [7.5, 3, 15, 4], "texture": "#0"},
				"south": {"uv": [7.5, 5, 10, 6], "texture": "#0"},
				"west": {"uv": [15, 3, 7.5, 4], "texture": "#0"},
				"up": {"uv": [0, 3, 7.5, 5.5], "rotation": 90, "texture": "#0"},
				"down": {"uv": [7.5, 5.5, 0, 8], "rotation": 90, "texture": "#0"}
			}
		}
	],
	"display": {
		"thirdperson": {
			"rotation": [90, 0, 180],
			"translation": [0, 3.5, -3.75],
			"scale": [0.8, 0.8, 0.8]
		},
		"firstperson": {
			"rotation": [2, -50, 0],
			"translation": [0, 6.5, -1.5],
			"scale": [1.6, 1.6, 1.6]
		},
		"ground": {
			"translation": [0, 2, -1],
			"scale": [2, 2, 2]
		},
		"gui": {
			"rotation": [0, -90, 0],
			"translation": [1, 3, 0],
			"scale": [1.4, 1.4, 1.4]
		},
		"head": {
			"translation": [0, 13.25, -4.75]
		},
		"fixed": {
			"rotation": [0, 90, 0],
			"translation": [-1.5, 4, 0]
		}
	}
}