{
	"credit": "Made with Blockbench",
	"texture_size": [32, 32],
	"textures": {
		"0": "guns/golden_hoe",
		"particle": "guns/golden_hoe"
	},
	"elements": [
		{
			"from": [6.6, 4.2, -3],
			"to": [8.4, 6, 7],
			"rotation": {"angle": 0, "axis": "y", "origin": [7.5, 5, 6]},
			"faces": {
				"north": {"uv": [15, 3, 16, 4], "texture": "#0"},
				"east": {"uv": [0, 3, 5, 3.9], "texture": "#0"},
				"south": {"uv": [15, 3, 16, 4], "texture": "#0"},
				"west": {"uv": [5, 3, 0, 3.9], "texture": "#0"},
				"up": {"uv": [10, 3, 5, 3.9], "rotation": 90, "texture": "#0"},
				"down": {"uv": [15, 3, 10, 3.9], "rotation": 90, "texture": "#0"}
			}
		},
		{
			"from": [6, 3, 7],
			"to": [9, 6, 15],
			"rotation": {"angle": 0, "axis": "y", "origin": [8.5, 3, 15]},
			"faces": {
				"north": {"uv": [8, 0, 9.5, 1.5], "texture": "#0"},
				"east": {"uv": [4, 0, 8, 1.5], "texture": "#0"},
				"south": {"uv": [8, 0, 9.5, 1.5], "texture": "#0"},
				"west": {"uv": [8, 0, 4, 1.5], "texture": "#0"},
				"up": {"uv": [9.5, 0, 13.5, 1.5], "rotation": 90, "texture": "#0"},
				"down": {"uv": [4, 1.5, 8, 3], "rotation": 90, "texture": "#0"}
			}
		},
		{
			"from": [6.6, 0, 11],
			"to": [8.4, 3.8, 15],
			"rotation": {"angle": -22.5, "axis": "x", "origin": [7.5, 3.8, 13]},
			"faces": {
				"north": {"uv": [2, 0, 3, 2], "texture": "#0"},
				"east": {"uv": [0, 0, 2, 2], "texture": "#0"},
				"south": {"uv": [2, 0, 3, 2], "texture": "#0"},
				"west": {"uv": [2, 0, 0, 2], "texture": "#0"},
				"up": {"uv": [3, 0, 4, 2], "texture": "#0"},
				"down": {"uv": [3, 0, 4, 2], "texture": "#0"}
			}
		},
		{
			"from": [5.5, -3, 6],
			"to": [9.5, 3, 10],
			"rotation": {"angle": 22.5, "axis": "x", "origin": [7.5, 3, 8]},
			"faces": {
				"north": {"uv": [0, 4, 2, 7], "texture": "#0"},
				"east": {"uv": [0, 4, 2, 7], "texture": "#0"},
				"south": {"uv": [0, 4, 2, 7], "texture": "#0"},
				"west": {"uv": [0, 4, 2, 7], "texture": "#0"},
				"up": {"uv": [2, 4, 4, 6], "texture": "#0"},
				"down": {"uv": [2, 4, 4, 6], "texture": "#0"}
			}
		}
	],
	"display": {
		"thirdperson": {
			"rotation": [90, 0, 180],
			"translation": [0, 3.5, -3.75],
			"scale": [0.8, 0.8, 0.8]
		},
		"firstperson": {
			"rotation": [-2, -50, 0],
			"translation": [0, 7.5, -1.5],
			"scale": [1.6, 1.6, 1.6]
		},
		"ground": {
			"translation": [0, 2, -1],
			"scale": [2, 2, 2]
		},
		"gui": {
			"rotation": [0, -90, 0],
			"translation": [0, 4, 0],
			"scale": [1.4, 1.4, 1.4]
		},
		"head": {
			"translation": [0, 13.25, -4.75]
		},
		"fixed": {
			"rotation": [0, 90, 0],
			"translation": [-1.5, 4, 0]
		}
	}
}