{
	"credit": "Made with Blockbench",
	"texture_size": [32, 32],
	"textures": {
		"0": "guns/iron_shovel",
		"particle": "guns/iron_shovel"
	},
	"elements": [
		{
			"from": [7, 0, -3],
			"to": [9, 2, 16],
			"rotation": {"angle": 0, "axis": "y", "origin": [7, 0, 15]},
			"faces": {
				"north": {"uv": [9.5, 0, 10.5, 1], "texture": "#0"},
				"east": {"uv": [0, 0, 9.5, 1], "texture": "#0"},
				"south": {"uv": [9.5, 1, 10.5, 2], "texture": "#0"},
				"west": {"uv": [9.5, 0, 0, 1], "texture": "#0"},
				"up": {"uv": [0, 1, 9.5, 2], "rotation": 90, "texture": "#0"},
				"down": {"uv": [0, 2, 9.5, 3], "rotation": 90, "texture": "#0"}
			}
		}
	],
	"display": {
		"thirdperson": {
			"rotation": [90, 0, 180],
			"translation": [0, 3.5, -4.25],
			"scale": [0.8, 0.8, 0.8]
		},
		"firstperson": {
			"rotation": [-2, -50, 0],
			"translation": [0, 7.5, -1.5],
			"scale": [1.6, 1.6, 1.6]
		},
		"ground": {
			"translation": [0, 2, -1],
			"scale": [2, 2, 2]
		},
		"gui": {
			"rotation": [0, -90, 0],
			"translation": [-1, 5, 0],
			"scale": [1.4, 1.4, 1.4]
		},
		"head": {
			"translation": [0, 13.25, -4.75]
		},
		"fixed": {
			"rotation": [0, 90, 0],
			"translation": [-1.5, 4, 0]
		}
	}
}