{
	"credit": "Made with Blockbench",
	"texture_size": [32, 32],
	"textures": {
		"0": "guns/shears",
		"particle": "guns/shears"
	},
	"elements": [
		{
			"from": [7.5, 0, 12],
			"to": [8.5, 4, 16],
			"rotation": {"angle": 0, "axis": "z", "origin": [8, 2, 14]},
			"faces": {
				"north": {"uv": [0, 0, 0.5, 2], "texture": "#0"},
				"east": {"uv": [2, 0, 0, 2], "texture": "#0"},
				"south": {"uv": [1.5, 0, 2, 2], "texture": "#0"},
				"west": {"uv": [0, 0, 2, 2], "texture": "#0"},
				"up": {"uv": [0, 0, 2, 0.5], "rotation": 90, "texture": "#0"},
				"down": {"uv": [0, 1.5, 2, 2], "rotation": 270, "texture": "#0"}
			}
		},
		{
			"from": [7, -1, 10],
			"to": [9, 5, 12],
			"rotation": {"angle": 0, "axis": "y", "origin": [8, 0, 11]},
			"faces": {
				"north": {"uv": [3, 0, 4, 3], "texture": "#0"},
				"east": {"uv": [2, 0, 3, 3], "texture": "#0"},
				"south": {"uv": [4, 0, 5, 3], "texture": "#0"},
				"west": {"uv": [3, 0, 2, 3], "texture": "#0"},
				"up": {"uv": [5, 0, 6, 1], "texture": "#0"},
				"down": {"uv": [5, 0, 6, 1], "texture": "#0"}
			}
		},
		{
			"from": [7, 5, 4],
			"to": [9, 7, 12],
			"rotation": {"angle": 0, "axis": "y", "origin": [8, 6, 8]},
			"faces": {
				"north": {"uv": [12, 3, 13, 4], "texture": "#0"},
				"east": {"uv": [0, 3, 4, 4], "texture": "#0"},
				"south": {"uv": [13, 3, 14, 4], "texture": "#0"},
				"west": {"uv": [4, 3, 0, 4], "texture": "#0"},
				"up": {"uv": [12, 3, 8, 4], "rotation": 90, "texture": "#0"},
				"down": {"uv": [8, 3, 4, 4], "rotation": 90, "texture": "#0"}
			}
		},
		{
			"from": [7, -3, 4],
			"to": [9, -1, 12],
			"rotation": {"angle": 0, "axis": "y", "origin": [8, -2, 8]},
			"faces": {
				"north": {"uv": [12, 3, 13, 4], "texture": "#0"},
				"east": {"uv": [0, 4, 4, 3], "texture": "#0"},
				"south": {"uv": [13, 3, 14, 4], "texture": "#0"},
				"west": {"uv": [4, 4, 0, 3], "texture": "#0"},
				"up": {"uv": [4, 3, 8, 4], "rotation": 90, "texture": "#0"},
				"down": {"uv": [8, 3, 12, 4], "rotation": 90, "texture": "#0"}
			}
		},
		{
			"from": [8, -1, 4],
			"to": [8, 5, 10],
			"shade": false,
			"rotation": {"angle": 0, "axis": "y", "origin": [8, 2, 7]},
			"faces": {
				"north": {"uv": [0, 0, 0, 3], "texture": "#missing"},
				"east": {"uv": [13, 0, 16, 3], "texture": "#0"},
				"south": {"uv": [0, 0, 0, 3], "texture": "#missing"},
				"west": {"uv": [16, 0, 13, 3], "texture": "#0"},
				"up": {"uv": [0, 0, 0, 3], "texture": "#missing"},
				"down": {"uv": [0, 0, 0, 3], "texture": "#missing"}
			}
		}
	],
	"display": {
		"thirdperson": {
			"rotation": [90, 0, 180],
			"translation": [0, 3, -3.5],
			"scale": [0.8, 0.8, 0.8]
		},
		"firstperson": {
			"rotation": [0, -50, -25],
			"translation": [0.5, 9.25, 1.5],
			"scale": [1.8, 1.8, 1.8]
		},
		"ground": {
			"translation": [0, 2, -1],
			"scale": [2, 2, 2]
		},
		"gui": {
			"rotation": [0, -90, 0],
			"translation": [0, 4, 0],
			"scale": [1.4, 1.4, 1.4]
		},
		"head": {
			"translation": [0, 13.25, -4.75]
		},
		"fixed": {
			"rotation": [0, 90, 0],
			"translation": [-1.5, 4, 0]
		}
	}
}