{
	"credit": "Made with Blockbench",
	"texture_size": [32, 32],
	"textures": {
		"0": "guns/stone_shovel",
		"particle": "guns/stone_shovel"
	},
	"elements": [
		{
			"from": [6, 2, 7],
			"to": [9, 5, 17],
			"rotation": {"angle": 0, "axis": "y", "origin": [8, 2, 3]},
			"faces": {
				"north": {"uv": [11.5, 0, 13, 1.5], "texture": "#0"},
				"east": {"uv": [0, 0, 5, 1.5], "texture": "#0"},
				"south": {"uv": [10, 0, 11.5, 1.5], "texture": "#0"},
				"west": {"uv": [5, 0, 0, 1.5], "texture": "#0"},
				"up": {"uv": [5, 0, 10, 1.5], "rotation": 90, "texture": "#0"},
				"down": {"uv": [5, 1.5, 10, 3], "rotation": 90, "texture": "#0"}
			}
		},
		{
			"from": [6.5, 2.5, 1],
			"to": [8.5, 4.5, 7],
			"rotation": {"angle": 0, "axis": "y", "origin": [6.5, 2.5, 8]},
			"faces": {
				"north": {"uv": [0, 2, 1, 3], "texture": "#0"},
				"east": {"uv": [0, 3, 3, 4], "texture": "#0"},
				"south": {"uv": [0, 2, 1, 3], "texture": "#0"},
				"west": {"uv": [3, 3, 0, 4], "texture": "#0"},
				"up": {"uv": [3, 3, 6, 4], "rotation": 90, "texture": "#0"},
				"down": {"uv": [6, 3, 9, 4], "rotation": 90, "texture": "#0"}
			}
		},
		{
			"from": [6, 2, -3],
			"to": [9, 5, 1],
			"rotation": {"angle": 0, "axis": "y", "origin": [7, 2, 0]},
			"faces": {
				"north": {"uv": [2, 4, 3.5, 5.5], "texture": "#0"},
				"east": {"uv": [0, 4, 2, 5.5], "texture": "#0"},
				"south": {"uv": [3.5, 4, 5, 5.5], "texture": "#0"},
				"west": {"uv": [2, 4, 0, 5.5], "texture": "#0"},
				"up": {"uv": [0, 4, 2, 5.5], "rotation": 270, "texture": "#0"},
				"down": {"uv": [0, 4, 2, 5.5], "rotation": 90, "texture": "#0"}
			}
		},
		{
			"from": [7, -1, 7],
			"to": [8, 2, 9],
			"shade": false,
			"rotation": {"angle": 0, "axis": "y", "origin": [7, 0, 7]},
			"faces": {
				"north": {"uv": [11, 1.5, 11.5, 3], "texture": "#0"},
				"east": {"uv": [10, 1.5, 11, 3], "texture": "#0"},
				"south": {"uv": [11, 1.5, 11.5, 3], "texture": "#0"},
				"west": {"uv": [11, 1.5, 10, 3], "texture": "#0"},
				"up": {"uv": [11.5, 1.5, 12, 2.5], "texture": "#0"},
				"down": {"uv": [11.5, 1.5, 12, 2.5], "texture": "#0"}
			}
		},
		{
			"from": [7, -1.5, 3],
			"to": [8, 2.5, 5],
			"rotation": {"angle": 0, "axis": "y", "origin": [7, 0.5, 3]},
			"faces": {
				"north": {"uv": [13, 1.5, 13.5, 3.5], "texture": "#0"},
				"east": {"uv": [12, 1.5, 13, 3.5], "texture": "#0"},
				"south": {"uv": [13, 1.5, 13.5, 3.5], "texture": "#0"},
				"west": {"uv": [13, 1.5, 12, 3.5], "texture": "#0"},
				"up": {"uv": [13.5, 1.5, 14, 2.5], "texture": "#0"},
				"down": {"uv": [13.5, 2.5, 14, 3.5], "texture": "#0"}
			}
		}
	],
	"display": {
		"thirdperson": {
			"rotation": [90, 0, 180],
			"translation": [0, 3, -4.25],
			"scale": [0.8, 0.8, 0.8]
		},
		"firstperson": {
			"rotation": [0, -50, 0],
			"translation": [0, 6.25, -1.5],
			"scale": [1.6, 1.6, 1.6]
		},
		"ground": {
			"translation": [0, 2, -1],
			"scale": [2, 2, 2]
		},
		"gui": {
			"rotation": [0, -90, 0],
			"translation": [0, 4, 0],
			"scale": [1.4, 1.4, 1.4]
		},
		"head": {
			"translation": [0, 13.25, -4.75]
		},
		"fixed": {
			"rotation": [0, 90, 0],
			"translation": [-1.5, 4, 0]
		}
	}
}