{
	"credit": "Made with Blockbench",
	"texture_size": [32, 32],
	"textures": {
		"0": "guns/stone_hoe",
		"particle": "guns/stone_hoe"
	},
	"elements": [
		{
			"name": "Handle",
			"from": [7, 2.15, 13.6],
			"to": [9, 5.15, 17.4],
			"rotation": {"angle": 22.5, "axis": "x", "origin": [8.5, 4.15, 13.6]},
			"faces": {
				"north": {"uv": [3, 1, 4, 3], "texture": "#0"},
				"east": {"uv": [0, 1, 2, 3], "rotation": 90, "texture": "#0"},
				"south": {"uv": [2, 1, 3, 3], "texture": "#0"},
				"west": {"uv": [2, 1, 0, 3], "rotation": 270, "texture": "#0"},
				"up": {"uv": [0, 0, 2, 1], "rotation": 90, "texture": "#0"},
				"down": {"uv": [2, 0, 4, 1], "rotation": 90, "texture": "#0"}
			}
		},
		{
			"name": "Port",
			"from": [7, 2, 8],
			"to": [9, 5, 12],
			"rotation": {"angle": 0, "axis": "y", "origin": [8.5, 3, 14]},
			"faces": {
				"north": {"uv": [8, 1, 9, 2.5], "texture": "#0"},
				"east": {"uv": [6, 1, 8, 2.5], "texture": "#0"},
				"south": {"uv": [8, 1, 9, 2.5], "texture": "#0"},
				"west": {"uv": [8, 1, 6, 2.5], "texture": "#0"},
				"up": {"uv": [6, 0, 8, 1], "rotation": 90, "texture": "#0"},
				"down": {"uv": [8, 0, 10, 1], "rotation": 90, "texture": "#0"}
			}
		},
		{
			"name": "Tube",
			"from": [7.2, 3.4, 0],
			"to": [8.8, 5, 8],
			"rotation": {"angle": 0, "axis": "y", "origin": [8.5, 3.2, 14]},
			"faces": {
				"north": {"uv": [4, 4, 5, 5], "texture": "#0"},
				"east": {"uv": [0, 4, 4, 5], "texture": "#0"},
				"south": {"uv": [4.5, 1, 5.5, 2.5], "texture": "#0"},
				"west": {"uv": [4, 4, 0, 5], "texture": "#0"},
				"up": {"uv": [4, 3, 0, 4], "rotation": 90, "texture": "#0"},
				"down": {"uv": [8, 3, 4, 4], "rotation": 90, "texture": "#0"}
			}
		},
		{
			"name": "Connection",
			"from": [7.1, 3.2, 12],
			"to": [8.9, 5, 14],
			"rotation": {"angle": 0, "axis": "y", "origin": [8, 4, 13]},
			"faces": {
				"north": {"uv": [5, 0, 6, 1], "texture": "#0"},
				"east": {"uv": [5, 0, 6, 1], "texture": "#0"},
				"south": {"uv": [5, 0, 6, 1], "texture": "#0"},
				"west": {"uv": [5, 0, 6, 1], "texture": "#0"},
				"up": {"uv": [5, 0, 6, 1], "texture": "#0"},
				"down": {"uv": [5, 0, 6, 1], "texture": "#0"}
			}
		},
		{
			"from": [7.2, 6, 7],
			"to": [8.8, 7.6, 13],
			"rotation": {"angle": 0, "axis": "y", "origin": [8, 6.8, 10]},
			"faces": {
				"north": {"uv": [13, 1, 14, 2], "texture": "#0"},
				"east": {"uv": [10, 1, 13, 2], "texture": "#0"},
				"south": {"uv": [13, 1, 14, 2], "texture": "#0"},
				"west": {"uv": [13, 1, 10, 2], "texture": "#0"},
				"up": {"uv": [13, 0, 10, 1], "rotation": 90, "texture": "#0"},
				"down": {"uv": [16, 0, 13, 1], "rotation": 90, "texture": "#0"}
			}
		},
		{
			"from": [8, 5, 8],
			"to": [8, 6, 12],
			"rotation": {"angle": 0, "axis": "y", "origin": [8, 5.5, 10]},
			"faces": {
				"east": {"uv": [10, 2, 12, 2.5], "texture": "#0"},
				"west": {"uv": [10, 2, 12, 2.5], "texture": "#0"}
			}
		}
	],
	"display": {
		"thirdperson": {
			"rotation": [90, 0, 180],
			"translation": [0, 3.5, -3.75],
			"scale": [0.8, 0.8, 0.8]
		},
		"firstperson": {
			"rotation": [-2, -50, 0],
			"translation": [0, 7.5, -1.5],
			"scale": [1.6, 1.6, 1.6]
		},
		"ground": {
			"translation": [0, 2, -1],
			"scale": [2, 2, 2]
		},
		"gui": {
			"rotation": [0, -90, 0],
			"translation": [1, 3, 0],
			"scale": [1.4, 1.4, 1.4]
		},
		"head": {
			"translation": [0, 13.25, -4.75]
		},
		"fixed": {
			"rotation": [0, 90, 0],
			"translation": [-1.5, 4, 0]
		}
	}
}