{
	"credit": "Made with Blockbench",
	"texture_size": [32, 32],
	"textures": {
		"0": "guns/wooden_shovel",
		"particle": "guns/wooden_shovel"
	},
	"elements": [
		{
			"from": [8, 1.75, 0],
			"to": [9, 2.75, 8],
			"rotation": {"angle": 0, "axis": "y", "origin": [8.5, 2.25, 4]},
			"faces": {
				"north": {"uv": [4, 2, 4.5, 2.5], "texture": "#0"},
				"east": {"uv": [4, 2, 0, 2.5], "texture": "#0"},
				"south": {"uv": [4, 2, 4.5, 2.5], "texture": "#0"},
				"west": {"uv": [0, 2, 4, 2.5], "texture": "#0"},
				"up": {"uv": [0, 2, 4, 2.5], "rotation": 90, "texture": "#0"},
				"down": {"uv": [0, 2, 4, 2.5], "rotation": 270, "texture": "#0"}
			}
		},
		{
			"from": [7.5, 1.75, -2],
			"to": [9.5, 2.75, 0],
			"rotation": {"angle": 0, "axis": "y", "origin": [8.5, 2.25, -1]},
			"faces": {
				"north": {"uv": [0, 2.5, 1, 3], "texture": "#0"},
				"east": {"uv": [2, 2.5, 1, 3], "texture": "#0"},
				"south": {"uv": [2, 2.5, 3, 3], "texture": "#0"},
				"west": {"uv": [1, 2.5, 2, 3], "texture": "#0"},
				"up": {"uv": [0, 3, 1, 4], "texture": "#0"},
				"down": {"uv": [0, 0, 1, 1], "texture": "#0"}
			}
		},
		{
			"from": [7.5, 1, 8],
			"to": [9.5, 3, 16],
			"rotation": {"angle": 0, "axis": "y", "origin": [8.5, 2, 12]},
			"faces": {
				"north": {"uv": [9, 0, 10, 1], "texture": "#0"},
				"east": {"uv": [0, 0, 4, 1], "texture": "#0"},
				"south": {"uv": [8, 0, 9, 1], "texture": "#0"},
				"west": {"uv": [4, 0, 0, 1], "texture": "#0"},
				"up": {"uv": [4, 0, 8, 1], "rotation": 90, "texture": "#0"},
				"down": {"uv": [0, 1, 4, 2], "rotation": 90, "texture": "#0"}
			}
		},
		{
			"from": [8.5, 3, 9],
			"to": [8.5, 4, 13],
			"rotation": {"angle": 0, "axis": "y", "origin": [8.5, 2, 12]},
			"faces": {
				"north": {"uv": [0, 0, 0, 0.5], "texture": "#missing"},
				"east": {"uv": [10, 2, 12, 2.5], "texture": "#0"},
				"south": {"uv": [0, 0, 0, 0.5], "texture": "#missing"},
				"west": {"uv": [10, 2, 12, 2.5], "texture": "#0"},
				"up": {"uv": [0, 0, 0, 2], "texture": "#missing"},
				"down": {"uv": [0, 0, 0, 2], "texture": "#missing"}
			}
		},
		{
			"from": [7.7, 4, 8],
			"to": [9.3, 5.6, 14],
			"rotation": {"angle": 0, "axis": "y", "origin": [8.5, 4.9, 12]},
			"faces": {
				"north": {"uv": [13, 1, 14, 2], "texture": "#0"},
				"east": {"uv": [10, 1, 13, 2], "texture": "#0"},
				"south": {"uv": [13, 1, 14, 2], "texture": "#0"},
				"west": {"uv": [13, 1, 10, 2], "texture": "#0"},
				"up": {"uv": [13, 0, 10, 1], "rotation": 90, "texture": "#0"},
				"down": {"uv": [16, 0, 13, 1], "rotation": 90, "texture": "#0"}
			}
		},
		{
			"from": [8, -1, 15],
			"to": [9, 1, 16],
			"rotation": {"angle": 0, "axis": "y", "origin": [8.5, 0, 15.5]},
			"faces": {
				"north": {"uv": [0, 4, 0.5, 5], "texture": "#0"},
				"east": {"uv": [0, 4, 0.5, 5], "texture": "#0"},
				"south": {"uv": [0, 4, 0.5, 5], "texture": "#0"},
				"west": {"uv": [0, 4, 0.5, 5], "texture": "#0"},
				"up": {"uv": [0, 4, 0.5, 4.5], "texture": "#0"},
				"down": {"uv": [0, 4, 0.5, 4.5], "texture": "#0"}
			}
		}
	],
	"display": {
		"thirdperson": {
			"rotation": [90, 0, 180],
			"translation": [0, 3, -4.25],
			"scale": [0.8, 0.8, 0.8]
		},
		"firstperson": {
			"rotation": [0, -50, 0],
			"translation": [0, 6.25, -1.5],
			"scale": [1.6, 1.6, 1.6]
		},
		"ground": {
			"translation": [0, 2, -1],
			"scale": [2, 2, 2]
		},
		"gui": {
			"rotation": [0, -90, 0],
			"translation": [0, 4, 0],
			"scale": [1.4, 1.4, 1.4]
		},
		"head": {
			"translation": [0, 13.25, -4.75]
		},
		"fixed": {
			"rotation": [0, 90, 0],
			"translation": [-1.5, 4, 0]
		}
	}
}